Model Name,Model Image Completed,Is Present in Slide
Acura CL,YES,Present in Slide
Acura CSX,YES,Present in Slide
Acura EL,YES,Present in Slide
Acura ILX,YES,Present in Slide
Acura Integra,YES,Present in Slide
Acura Legend,YES,Present in Slide
Acura MDX,YES,Present in Slide
Acura NSX,YES,Present in Slide
Acura RDX,YES,Present in Slide
Acura RL,YES,Present in Slide
Acura RLX,YES,Present in Slide
Acura RSX,YES,Present in Slide
Acura SLX,YES,Present in Slide
Acura TL,YES,Present in Slide
Acura TLX,YES,Present in Slide
Acura TSX,YES,Present in Slide
Acura Vigor,YES,Present in Slide
Acura ZDX,YES,Present in Slide
Alfa-romeo 1600,NO,Present in Slide
Alfa-romeo 164,NO,Present in Slide
Alfa-romeo 1750,NO,Present in Slide
Alfa-romeo 2000-Spider,NO,Present in Slide
Alfa-romeo GTV6,NO,Present in Slide
Alfa-romeo Milano,NO,Present in Slide
Alfa-romeo Spider,NO,Present in Slide
Amc Ambassador,NO,Present in Slide
Amc American,NO,Present in Slide
Amc Amx,NO,Present in Slide
Amc Classic,NO,Present in Slide
Amc Concord,NO,Present in Slide
Amc Eagle,NO,Present in Slide
Amc Gremlin,NO,Present in Slide
Amc Hornet,NO,Present in Slide
Amc Javelin,NO,Present in Slide
Amc Marlin,NO,Present in Slide
Amc Pacer,NO,Present in Slide
Amc Rambler,NO,Present in Slide
Amc Rebel,NO,Present in Slide
Amc Spirit,NO,Present in Slide
Audi 100,YES,Present in Slide
Audi 200,YES,Present in Slide
Audi 4000,YES,Present in Slide
Audi 5000,YES,Present in Slide
Audi 80,YES,Present in Slide
Audi 90,YES,Present in Slide
Audi A3,YES,Present in Slide
Audi A4,YES,Present in Slide
Audi A5,YES,Present in Slide
Audi A6,YES,Present in Slide
Audi A7,YES,Present in Slide
Audi A8,YES,Present in Slide
Audi Allroad,YES,Present in Slide
Audi Cabriolet,YES,Present in Slide
Audi Coupe,YES,Present in Slide
Audi Coupe GT,YES,Present in Slide
Audi Coupe Quattro,YES,Present in Slide
Audi FOX,YES,Present in Slide
Audi Q3,YES,Present in Slide
Audi Q5,YES,Present in Slide
Audi Q7,YES,Present in Slide
Audi Quattro,YES,Present in Slide
Audi R8,YES,Present in Slide
Audi RS4,YES,Present in Slide
Audi RS5,YES,Present in Slide
Audi RS6,YES,Present in Slide
Audi RS7,YES,Present in Slide
Audi S3,YES,Present in Slide
Audi S4,YES,Present in Slide
Audi S5,YES,Present in Slide
Audi S6,YES,Present in Slide
Audi S7,YES,Present in Slide
Audi S8,NO,Not Present in Slide
Audi S90,NO,Not Present in Slide
Audi SQ5,YES,Present in Slide
Audi TT,YES,Present in Slide
Audi V8,YES,Present in Slide
Bmw 128i,NO,Present in Slide
Bmw 135i,NO,Present in Slide
Bmw 1800,NO,Present in Slide
Bmw 2002,NO,Present in Slide
Bmw 228i,NO,Present in Slide
Bmw 2500,NO,Present in Slide
Bmw 2800,NO,Present in Slide
Bmw 3,NO,Present in Slide
Bmw 318i,NO,Present in Slide
Bmw 320i,NO,Present in Slide
Bmw 323i,NO,Present in Slide
Bmw 325e,NO,Present in Slide
Bmw 325i,NO,Present in Slide
Bmw 328i,NO,Present in Slide
Bmw 328i GT,NO,Not Present in Slide
Bmw 330i,NO,Present in Slide
Bmw 335i,NO,Present in Slide
Bmw 335i GT,NO,Present in Slide
Bmw 428i,NO,Present in Slide
Bmw 435i,NO,Present in Slide
Bmw 524TD,NO,Present in Slide
Bmw 525i,NO,Present in Slide
Bmw 528e,NO,Present in Slide
Bmw 528i,NO,Present in Slide
Bmw 530i,NO,Present in Slide
Bmw 533i,NO,Present in Slide
Bmw 535i,NO,Present in Slide
Bmw 535i GT,NO,Present in Slide
Bmw 540i,NO,Present in Slide
Bmw 545i,NO,Present in Slide
Bmw 550i,NO,Present in Slide
Bmw 550i GT,NO,Present in Slide
Bmw 630C Si,NO,Present in Slide
Bmw 633C Si,NO,Present in Slide
Bmw 635C Si,NO,Present in Slide
Bmw 640i,NO,Present in Slide
Bmw 645i,NO,Present in Slide
Bmw 650i,NO,Present in Slide
Bmw 733i,NO,Present in Slide
Bmw 735i,NO,Present in Slide
Bmw 740i,NO,Present in Slide
Bmw 745i,NO,Present in Slide
Bmw 750i,NO,Present in Slide
Bmw 760i,NO,Present in Slide
Bmw 840i,NO,Present in Slide
Bmw 850i,NO,Present in Slide
Bmw ACTIVEHYBRID 3,NO,Present in Slide
Bmw ACTIVEHYBRID 5,NO,Present in Slide
Bmw ACTIVEHYBRID 7,NO,Present in Slide
Bmw ALPINA B6,NO,Present in Slide
Bmw ALPINA B7,NO,Present in Slide
Bmw i3,NO,Present in Slide
Bmw L6,NO,Present in Slide
Bmw M1,NO,Present in Slide
Bmw M235i,NO,Present in Slide
Bmw M3,NO,Present in Slide
Bmw M4,NO,Present in Slide
Bmw M5,NO,Present in Slide
Bmw M6,NO,Present in Slide
Bmw X1,NO,Present in Slide
Bmw X3,NO,Present in Slide
Bmw X4,NO,Present in Slide
Bmw X5,NO,Present in Slide
Bmw X5M,NO,Present in Slide
Bmw X6,NO,Present in Slide
Bmw X6M,NO,Present in Slide
Bmw Z3,NO,Present in Slide
Bmw Z4,NO,Present in Slide
Bmw Z8,NO,Present in Slide
British-leyland Austin,YES,Present in Slide
British-leyland MG,YES,Present in Slide
British-leyland Triumph,YES,Present in Slide
Buick Allure,YES,Present in Slide
Buick Apollo,YES,Present in Slide
Buick Buick,NO,Not Present in Slide
Buick Buick Special,YES,Present in Slide
Buick Century,YES,Present in Slide
Buick Electra,YES,Present in Slide
Buick Enclave,YES,Present in Slide
Buick ENCORE,YES,Present in Slide
Buick Lacrosse,YES,Present in Slide
Buick Lesabre,YES,Present in Slide
Buick Lucerne,YES,Present in Slide
Buick Park Avenue,YES,Present in Slide
Buick Rainier,YES,Present in Slide
Buick Reatta,YES,Present in Slide
Buick Regal,YES,Present in Slide
Buick Riviera,YES,Present in Slide
Buick Roadmaster,YES,Present in Slide
Buick Skyhawk,YES,Present in Slide
Buick Skylark,YES,Present in Slide
Buick Somerset,YES,Present in Slide
Buick Terraza,YES,Present in Slide
Cadillac Allante,YES,Present in Slide
Cadillac ATS,YES,Present in Slide
Cadillac Brougham,YES,Present in Slide
Cadillac Cadillac,NO,Not Present in Slide
Cadillac Catera,YES,Present in Slide
Cadillac Cimarron,YES,Present in Slide
Cadillac CTS,YES,Present in Slide
Cadillac Deville,YES,Present in Slide
Cadillac DTS,YES,Present in Slide
Cadillac Eldorado,YES,Present in Slide
Cadillac ELR,YES,Present in Slide
Cadillac Escalade,YES,Present in Slide
Cadillac Escalade ESV,YES,Present in Slide
Cadillac Escalade EXT,YES,Present in Slide
Cadillac Fleetwood,YES,Present in Slide
Cadillac Seville,YES,Present in Slide
Cadillac SRX,YES,Present in Slide
Cadillac STS,YES,Present in Slide
Cadillac XLR,YES,Present in Slide
Cadillac XTS,YES,Present in Slide
Chevy Astro,NO,Present in Slide
Chevy Avalanche 1500,NO,Present in Slide
Chevy Avalanche 2500,YES,Present in Slide
Chevy Aveo,NO,Not Present in Slide
Chevy Beretta,YES,Present in Slide
Chevy Camaro,YES,Present in Slide
Chevy Caprice,NO,Present in Slide
Chevy Cavalier,YES,Present in Slide
Chevy Celebrity,YES,Present in Slide
Chevy Chevelle,YES,Present in Slide
Chevy Chevette,NO,Present in Slide
Chevy Chevy 10,NO,Present in Slide
Chevy CHEVY 10 VAN,YES,Present in Slide
Chevy Chevy 1500,YES,Present in Slide
Chevy Chevy 20,YES,Present in Slide
Chevy CHEVY 20 VAN,NO,Not Present in Slide
Chevy Chevy 2500,NO,Not Present in Slide
Chevy Chevy 30,YES,Present in Slide
Chevy CHEVY 30 VAN,NO,Not Present in Slide
Chevy Chevy 3100,YES,Present in Slide
Chevy Chevy 3500,YES,Present in Slide
Chevy Chevy 3600,YES,Present in Slide
Chevy Chevy 3800,YES,Present in Slide
Chevy Chevy-II,NO,Not Present in Slide
Chevy Citation,YES,Present in Slide
Chevy Cobalt,YES,Present in Slide
Chevy Colorado,YES,Present in Slide
Chevy Corsica,YES,Present in Slide
Chevy Corvair,YES,Present in Slide
Chevy Corvette,YES,Present in Slide
Chevy Cruze,YES,Present in Slide
Chevy Equinox,YES,Present in Slide
Chevy Forward Control,NO,Not Present in Slide
Chevy HHR,YES,Present in Slide
Chevy Impala,YES,Present in Slide
Chevy Lumina,YES,Present in Slide
Chevy Lumina Van,YES,Present in Slide
Chevy Luv,YES,Present in Slide
Chevy Malibu,YES,Present in Slide
Chevy Metro,YES,Present in Slide
Chevy Monte Carlo,YES,Present in Slide
Chevy Monza,YES,Present in Slide
Chevy Nova,YES,Present in Slide
Chevy Omega,YES,Present in Slide
Chevy Optra,YES,Present in Slide
Chevy Passenger,YES,Present in Slide
Chevy Phoenix,YES,Present in Slide
Chevy Prizm,YES,Present in Slide
Chevy Silverado 1500,YES,Present in Slide
Chevy Silverado 2500,NO,Present in Slide
Chevy Silverado 3500,YES,Present in Slide
Chevy SONIC,NO,Not Present in Slide
Chevy SPARK,NO,Not Present in Slide
Chevy Spectrum,YES,Present in Slide
Chevy Sprint,YES,Present in Slide
Chevy SS CAPRICE,NO,Not Present in Slide
Chevy SSR,YES,Present in Slide
Chevy Storm,YES,Present in Slide
Chevy Suburban 10,NO,Not Present in Slide
Chevy Suburban 1000,YES,Present in Slide
Chevy Suburban 1500,YES,Present in Slide
Chevy Suburban 20,YES,Present in Slide
Chevy Suburban 2500,YES,Present in Slide
Chevy Suburban 30,NO,Not Present in Slide
Chevy Tahoe,YES,Present in Slide
Chevy Tracker,YES,Present in Slide
Chevy Trailblazer,YES,Present in Slide
Chevy Trailblazer EXT,YES,Present in Slide
Chevy Traverse,YES,Present in Slide
Chevy TRAX,NO,Not Present in Slide
Chevy Uplander,YES,Present in Slide
Chevy Van,YES,Present in Slide
Chevy Vega,YES,Present in Slide
Chevy Ventura II,NO,Not Present in Slide
Chevy Venture,YES,Present in Slide
Chevy VERANO,NO,Not Present in Slide
Chevy VOLT,NO,Not Present in Slide
Chrysler 100 VAN,NO,
Chrysler 150 VAN,NO,
Chrysler 1500 VAN,NO,
Chrysler 200,YES,Present in Slide
Chrysler 200 VAN,NO,
Chrysler 250 VAN,NO,
Chrysler 2500 VAN,NO,
Chrysler 300,NO,
Chrysler 300 VAN,NO,
Chrysler 300M,YES,Present in Slide
Chrysler 350 VAN,NO,
Chrysler 3500 VAN,NO,
Chrysler 400 PICKUP,NO,
Chrysler 5th Avenue,YES,Present in Slide
Chrysler Arrow Pass,NO,
Chrysler Arrow Truck,YES,Present in Slide
Chrysler Aspen,YES,Present in Slide
Chrysler Cirrus,YES,Present in Slide
Chrysler Concorde,YES,Present in Slide
Chrysler Conquest,YES,Present in Slide
Chrysler Cordoba,YES,Present in Slide
Chrysler Crossfire,YES,Present in Slide
Chrysler Dart,NO,
Chrysler Desoto,NO,
Chrysler E-Class,YES,Present in Slide
Chrysler Horizon,YES,Present in Slide
Chrysler Lebaron,YES,Present in Slide
Chrysler LHS,YES,Present in Slide
Chrysler NEW YORKER,YES,Present in Slide
Chrysler Newport,YES,Present in Slide
Chrysler Pacifica,YES,Present in Slide
Chrysler PLYMOUTH 100 VAN,NO,
Chrysler PLYMOUTH 150 VAN,NO,
Chrysler PLYMOUTH 200 VAN,NO,
Chrysler PLYMOUTH 250 VAN,NO,
Chrysler PLYMOUTH 300 VAN,NO,
Chrysler PLYMOUTH 350 VAN,NO,
Chrysler PROMASTER 1500 VAN,NO,
Chrysler PROMASTER 2500 VAN,NO,
Chrysler PROMASTER 3500 VAN,YES,Present in Slide
Chrysler PROMASTER CITY,YES,Present in Slide
Chrysler PT Cruiser,YES,Present in Slide
Chrysler Raider,NO,
Chrysler RWD,NO,
Chrysler Sebring,YES,Present in Slide
Chrysler SPRINTER 3500,NO,
Chrysler Town-Country,YES,Present in Slide
Chrysler Trail Duster,NO,
Chrysler Voyager,YES,Present in Slide
Cooper CLUBMAN,NO,
Cooper COUNTRYMAN,NO,
Cooper Mini,NO,
Cooper PACEMAN,NO,
Daewoo Lanos,YES,Present in Slide
Daewoo Leganza,YES,Present in Slide
Daewoo Nubira,YES,Present in Slide
Daihatsu Charade,YES,Present in Slide
Daihatsu Rocky,YES,Present in Slide
Dodge 100,YES,Present in Slide
Dodge 150,YES,Present in Slide
Dodge 1500,YES,Present in Slide
Dodge 200,YES,Present in Slide
Dodge 250,YES,Present in Slide
Dodge 2500,YES,Present in Slide
Dodge 300,YES,Present in Slide
Dodge 350,YES,Present in Slide
Dodge 3500,YES,Present in Slide
Dodge 400,YES,Present in Slide
Dodge 450,NO,
Dodge 600,YES,Present in Slide
Dodge Aries,YES,Present in Slide
Dodge Avenger,YES,Present in Slide
Dodge Caliber,YES,Present in Slide
Dodge Caravan,YES,Present in Slide
Dodge Challenger,YES,Present in Slide
Dodge Charger,YES,Present in Slide
Dodge Colt,YES,Present in Slide
Dodge D50,YES,Present in Slide
Dodge Dakota,YES,Present in Slide
Dodge Daytona,YES,Present in Slide
Dodge Diplomat,YES,Present in Slide
Dodge Durango,YES,Present in Slide
Dodge Dynasty,YES,Present in Slide
Dodge Imperial,YES,Present in Slide
Dodge Intrepid,YES,Present in Slide
Dodge Journey,YES,Present in Slide
Dodge Lancer,YES,Present in Slide
Dodge Laser,YES,Present in Slide
Dodge Magnum,YES,Present in Slide
Dodge Mirada,YES,Present in Slide
Dodge Monaco,YES,Present in Slide
Dodge Neon,YES,Present in Slide
Dodge Nitro,YES,Present in Slide
Dodge Omni,YES,Present in Slide
Dodge Passenger,YES,Present in Slide
Dodge Ram,YES,Present in Slide
Dodge Rampage,YES,Present in Slide
Dodge Shadow,YES,Present in Slide
Dodge Spirit,YES,Present in Slide
Dodge Sprinter,YES,Present in Slide
Dodge St Regis,YES,Present in Slide
Dodge Stealth,YES,Present in Slide
Dodge Stratus,YES,Present in Slide
Dodge Van,NO,
Dodge Viper,YES,Present in Slide
Dodge Voyager,YES,Present in Slide
Eagle 2000 GTX,NO,
Eagle Premier,NO,
Eagle Summit,NO,
Eagle Talon,NO,
Eagle Vision,NO,
Fiat-lancia 1100R,YES,Present in Slide
Fiat-lancia 124,YES,Present in Slide
Fiat-lancia 128,NO,
Fiat-lancia 131,NO,
Fiat-lancia 500,NO,
Fiat-lancia 850,YES,Present in Slide
Fiat-lancia Lancia,NO,
Fiat-lancia Strada,NO,
Fiat-lancia X-1-9,NO,
Ford Aerostar,YES,Present in Slide
Ford Aspire,YES,Present in Slide
Ford Bronco,YES,Present in Slide
Ford Bronco II,YES,Present in Slide
Ford C-MAX,NO,
Ford Contour,YES,Present in Slide
Ford Cortina,YES,Present in Slide
Ford Courier,YES,Present in Slide
Ford Crown Victoria,YES,Present in Slide
Ford E100 VAN,NO,
Ford E150 VAN,YES,Present in Slide
Ford E200 VAN,NO,
Ford E250 VAN,YES,Present in Slide
Ford E300 VAN,NO,
Ford E350 VAN,YES,Present in Slide
Ford E450SD VAN,NO,
Ford E550SD VAN,NO,
Ford Edge,YES,Present in Slide
Ford Escape,NO,
Ford Escort,YES,Present in Slide
Ford Excursion,YES,Present in Slide
Ford Exp,YES,Present in Slide
Ford Expedition,YES,Present in Slide
Ford Explorer,YES,Present in Slide
Ford F100,YES,Present in Slide
Ford F150,YES,Present in Slide
Ford F150 Raptor,YES,Present in Slide
Ford F250,YES,Present in Slide
Ford F250SD,YES,Present in Slide
Ford F350,YES,Present in Slide
Ford F350SD,YES,Present in Slide
Ford F450,YES,Present in Slide
Ford F450SD,YES,Present in Slide
Ford F550SD,YES,Present in Slide
Ford Fairlane,YES,Present in Slide
Ford Fairmont,YES,Present in Slide
Ford Falcon,YES,Present in Slide
Ford Festiva,YES,Present in Slide
Ford Fiesta,YES,Present in Slide
Ford Five Hundred,YES,Present in Slide
Ford Flex,YES,Present in Slide
Ford Focus,YES,Present in Slide
Ford Ford GT,YES,Present in Slide
Ford Forward Control,YES,Present in Slide
Ford Freestar,YES,Present in Slide
Ford Freestyle,YES,Present in Slide
Ford Fusion,YES,Present in Slide
Ford Granada,YES,Present in Slide
Ford LN7,YES,Present in Slide
Ford LTD,YES,Present in Slide
Ford LTD II,YES,Present in Slide
Ford Maverick,YES,Present in Slide
Ford Mercury,YES,Present in Slide
Ford Mustang,YES,Present in Slide
Ford Passenger,YES,Present in Slide
Ford Pinto,YES,Present in Slide
Ford Probe,YES,Present in Slide
Ford Ranger,YES,Present in Slide
Ford Taurus,YES,Present in Slide
Ford Taurus X,YES,Present in Slide
Ford Tempo,YES,Present in Slide
Ford Thunderbird,YES,Present in Slide
Ford Torino,YES,Present in Slide
Ford TRANSIT 150,NO,
Ford TRANSIT 250,NO,
Ford TRANSIT 350,NO,
Ford Transit Connect,NO,
Ford Van,YES,Present in Slide
Ford Windstar,YES,Present in Slide
Gm 1000 VAN,NO,
Gm 1500 VAN,NO,
Gm 2500 VAN,NO,
Gm 3500 VAN,NO,
Gm CAPTIVA SPORT,NO,
Gm CITY EXPRESS,NO,
Gm EXPRESS 1500 VAN,NO,
Gm EXPRESS 2500 VAN,NO,
Gm EXPRESS 3500 VAN,NO,
Gm ORLANDO,NO,
Gm SAVANA 1500 VAN,NO,
Gm SAVANA 2500 VAN,NO,
Gm SAVANA 3500 VAN,NO,
Gmc 1000,NO,
Gmc 1000 Pickup,NO,
Gmc 1500 Pickup,NO,
Gmc 2000,NO,
Gmc 2500 Pickup,NO,
Gmc 3500 Pickup,NO,
Gmc 6000,NO,
Gmc Acadia,NO,
Gmc Acadian,NO,
Gmc Canyon,NO,
Gmc Denali,NO,
Gmc Envoy,NO,
Gmc Envoy XL,NO,
Gmc Envoy XUV,NO,
Gmc Forward Control,NO,
Gmc Jimmy,NO,
Gmc Jimmy S15,NO,
Gmc Safari,NO,
Gmc Sierra 1500,NO,
Gmc Sierra 2500,NO,
Gmc Sierra 3500,NO,
Gmc SIERRA DENALI 1500,NO,
Gmc SIERRA DENALI 2500,NO,
Gmc SIERRA DENALI 3500,NO,
Gmc Sonoma,NO,
Gmc Syclone,NO,
Gmc Terrain,NO,
Gmc Typhoon,NO,
Gmc Van,NO,
Gmc XL 1500,NO,
Gmc XL 2500,NO,
Gmc Yukon,NO,
Honda 600,NO,
Honda Accord,YES,Present in Slide
Honda Civic,YES,Present in Slide
Honda Crosstour,YES,Present in Slide
Honda CRV,YES,Present in Slide
Honda CRX,YES,Present in Slide
Honda CRZ,YES,Present in Slide
Honda Del Sol,YES,Present in Slide
Honda Element,YES,Present in Slide
Honda Fit,YES,Present in Slide
Honda HR-V,YES,Present in Slide
Honda Insight,YES,Present in Slide
Honda Odyssey,YES,Present in Slide
Honda Passport,YES,Present in Slide
Honda Pilot,YES,Present in Slide
Honda Prelude,YES,Present in Slide
Honda Ridgeline,YES,Present in Slide
Honda S2000,YES,Present in Slide
Hummer H2,YES,Present in Slide
Hummer H3,YES,Present in Slide
Hyundai Accent,YES,Present in Slide
Hyundai Azera,YES,Present in Slide
Hyundai Elantra,YES,Present in Slide
Hyundai Entourage,YES,Present in Slide
Hyundai EQUUS,YES,Present in Slide
Hyundai Excel,YES,Present in Slide
Hyundai Genesis,YES,Present in Slide
Hyundai Pony,YES,Present in Slide
Hyundai Santa Fe,YES,Present in Slide
Hyundai Scoupe,YES,Present in Slide
Hyundai Sonata,YES,Present in Slide
Hyundai Tiburon,YES,Present in Slide
Hyundai Tucson,YES,Present in Slide
Hyundai VELOSTER,YES,Present in Slide
Hyundai Veracruz,YES,Present in Slide
Hyundai XG,YES,Present in Slide
Infiniti EX35,YES,Present in Slide
Infiniti EX37,YES,Present in Slide
Infiniti FX,YES,Present in Slide
Infiniti G20,YES,Present in Slide
Infiniti G25,YES,Present in Slide
Infiniti G35,YES,Present in Slide
Infiniti G37,YES,Present in Slide
Infiniti I30,YES,Present in Slide
Infiniti I35,YES,Present in Slide
Infiniti J30,YES,Present in Slide
Infiniti JX35,YES,Present in Slide
Infiniti M30,YES,Present in Slide
Infiniti M35,YES,Present in Slide
Infiniti M37,YES,Present in Slide
Infiniti M45,YES,Present in Slide
Infiniti M56,YES,Present in Slide
Infiniti Q40,YES,Present in Slide
Infiniti Q45,YES,Present in Slide
Infiniti Q50,YES,Present in Slide
Infiniti Q60,YES,Present in Slide
Infiniti Q70,YES,Present in Slide
Infiniti QX4,YES,Present in Slide
Infiniti QX50,YES,Present in Slide
Infiniti QX56,YES,Present in Slide
Infiniti QX60,YES,Present in Slide
Infiniti QX70,YES,Present in Slide
Infiniti QX80,NO,
International International,NO,
International Scout,YES,Present in Slide
Isuzu Amigo,YES,Present in Slide
Isuzu Ascender,YES,Present in Slide
Isuzu Axiom,YES,Present in Slide
Isuzu Hombre,YES,Present in Slide
Isuzu I280,YES,Present in Slide
Isuzu I290,YES,Present in Slide
Isuzu I350,YES,Present in Slide
Isuzu I370,YES,Present in Slide
Isuzu Imark,YES,Present in Slide
Isuzu Impulse,YES,Present in Slide
Isuzu Oasis,YES,Present in Slide
Isuzu Optima,YES,Present in Slide
Isuzu Pickup,YES,Present in Slide
Isuzu Rodeo,YES,Present in Slide
Isuzu Stylus,YES,Present in Slide
Isuzu Trooper,YES,Present in Slide
Isuzu Vehicross,YES,Present in Slide
Jaguar F TYPE,YES,Present in Slide
Jaguar S Type,YES,Present in Slide
Jaguar X Type,YES,Present in Slide
Jaguar XF,YES,Present in Slide
Jaguar XJ,YES,Present in Slide
Jaguar XJ12,YES,Present in Slide
Jaguar XJ6,YES,Present in Slide
Jaguar XJ8,YES,Present in Slide
Jaguar XJS,YES,Present in Slide
Jaguar XK,YES,Present in Slide
Jaguar XK8,YES,Present in Slide
Jaguar XKE,YES,Present in Slide
Jeep Cherokee,YES,Present in Slide
Jeep CJ,YES,Present in Slide
Jeep Comanche,YES,Present in Slide
Jeep Commander,YES,Present in Slide
Jeep Compass,YES,Present in Slide
Jeep DJ,YES,Present in Slide
Jeep FC,YES,Present in Slide
Jeep Grand-Cherokee,YES,Present in Slide
Jeep Grand-Wagoneer,YES,Present in Slide
Jeep J-Series,YES,Present in Slide
Jeep Jeepster,YES,Present in Slide
Jeep Liberty,YES,Present in Slide
Jeep Patriot,YES,Present in Slide
Jeep RENEGADE,YES,Present in Slide
Jeep Station Wagon,YES,Present in Slide
Jeep Truck,YES,Present in Slide
Jeep Wagoneer,YES,Present in Slide
Jeep Wrangler,YES,Present in Slide
Kia Amanti,YES,Present in Slide
Kia Borrego,YES,Present in Slide
Kia CADENZA,YES,Present in Slide
Kia Forte,YES,Present in Slide
Kia K900,YES,Present in Slide
Kia Optima,YES,Present in Slide
Kia Rio,YES,Present in Slide
Kia Rondo,YES,Present in Slide
Kia Sedona,YES,Present in Slide
Kia Sephia,NO,
Kia Sorento,YES,Present in Slide
Kia Soul,YES,Present in Slide
Kia Spectra,YES,Present in Slide
Kia Sportage,YES,Present in Slide
Land-rover Freelander,YES,Present in Slide
Land-rover Land Rover,YES,Present in Slide
Land-rover LR2,YES,Present in Slide
Land-rover LR3,YES,Present in Slide
Land-rover LR4,YES,Present in Slide
Land-rover Range Rover,YES,Present in Slide
Land-rover Range Rover Sport,YES,Present in Slide
Lexus CT200H,YES,Present in Slide
Lexus ES250,NO,
Lexus ES300,NO,
Lexus ES300H,NO,
Lexus ES330,YES,Present in Slide
Lexus ES350,YES,Present in Slide
Lexus GS300,YES,Present in Slide
Lexus GS350,YES,Present in Slide
Lexus GS400,YES,Present in Slide
Lexus GS430,NO,
Lexus GS450H,NO,
Lexus GS460,NO,
Lexus GX460,NO,
Lexus GX470,NO,
Lexus HS250H,YES,Present in Slide
Lexus IS-F,NO,
Lexus IS250,YES,Present in Slide
Lexus IS300,YES,Present in Slide
Lexus IS350,NO,
Lexus LS400,NO,
Lexus LS430,YES,Present in Slide
Lexus LS460,NO,
Lexus LS600 HL,YES,Present in Slide
Lexus LX450,YES,Present in Slide
Lexus LX470,NO,
Lexus LX570,YES,Present in Slide
Lexus NX200T,YES,Present in Slide
Lexus NX300H,YES,Present in Slide
Lexus RC 350,NO,
Lexus RC F,YES,Present in Slide
Lexus RX300,NO,
Lexus RX330,NO,
Lexus RX350,YES,Present in Slide
Lexus RX400H,NO,
Lexus RX450H,YES,Present in Slide
Lexus SC,YES,Present in Slide
Lexus SC430,YES,Present in Slide
Lincoln Aviator,YES,Present in Slide
Lincoln Blackwood,YES,Present in Slide
Lincoln Continental,YES,Present in Slide
Lincoln LS,YES,Present in Slide
Lincoln LT,YES,Present in Slide
Lincoln Mark Series,YES,Present in Slide
Lincoln MKC,YES,Present in Slide
Lincoln Navigator,YES,Present in Slide
Lincoln Town Car,YES,Present in Slide
Lincoln Versailles,YES,Present in Slide
Lincoln Zephyr,YES,Present in Slide
Mazda 1200,YES,Present in Slide
Mazda 1800,YES,Present in Slide
Mazda 2,YES,Present in Slide
Mazda 3,YES,Present in Slide
Mazda 323,YES,Present in Slide
Mazda 5,YES,Present in Slide
Mazda 6,YES,Present in Slide
Mazda 626,YES,Present in Slide
Mazda 808,YES,Present in Slide
Mazda 929,YES,Present in Slide
Mazda B1600,YES,Present in Slide
Mazda B1800,YES,Present in Slide
Mazda B2000,YES,Present in Slide
Mazda B2200,YES,Present in Slide
Mazda B2300,YES,Present in Slide
Mazda B2500,YES,Present in Slide
Mazda B2600,YES,Present in Slide
Mazda B3000,YES,Present in Slide
Mazda B4000,YES,Present in Slide
Mazda CX-5,YES,Present in Slide
Mazda CX7,YES,Present in Slide
Mazda CX9,YES,Present in Slide
Mazda GLC,YES,Present in Slide
Mazda Millenia,YES,Present in Slide
Mazda MPV,YES,Present in Slide
Mazda MX3,YES,Present in Slide
Mazda MX5,YES,Present in Slide
Mazda MX6,YES,Present in Slide
Mazda Navajo,YES,Present in Slide
Mazda Protege,YES,Present in Slide
Mazda Rotary,YES,Present in Slide
Mazda RX2,YES,Present in Slide
Mazda RX3,YES,Present in Slide
Mazda RX4,YES,Present in Slide
Mazda RX7,NO,
Mazda RX8,YES,Present in Slide
Mazda Tribute,YES,Present in Slide
Mercedes-benz 190,YES,Present in Slide
Mercedes-benz 200,YES,Present in Slide
Mercedes-benz 220,YES,Present in Slide
Mercedes-benz 230/4,YES,Present in Slide
Mercedes-benz 230/6,YES,Present in Slide
Mercedes-benz 240D,YES,Present in Slide
Mercedes-benz 250,YES,Present in Slide
Mercedes-benz 260E,YES,Present in Slide
Mercedes-benz 280,YES,Present in Slide
Mercedes-benz 300D,YES,Present in Slide
Mercedes-benz 300E,YES,Present in Slide
Mercedes-benz 350,YES,Present in Slide
Mercedes-benz 380,NO,
Mercedes-benz 400,YES,Present in Slide
Mercedes-benz 420,YES,Present in Slide
Mercedes-benz 450,YES,Present in Slide
Mercedes-benz 500,YES,Present in Slide
Mercedes-benz 560,YES,Present in Slide
Mercedes-benz 600,YES,Present in Slide
Mercedes-benz B-Class,YES,Present in Slide
Mercedes-benz C-Class,YES,Present in Slide
Mercedes-benz CL-Class,YES,Present in Slide
Mercedes-benz CLA-CLASS,YES,Present in Slide
Mercedes-benz CLK,YES,Present in Slide
Mercedes-benz CLS-Class,YES,Present in Slide
Mercedes-benz E-Class,YES,Present in Slide
Mercedes-benz G-Class,YES,Present in Slide
Mercedes-benz GL-Class,YES,Present in Slide
Mercedes-benz GLA-CLASS,YES,Present in Slide
Mercedes-benz GLK-Class,YES,Present in Slide
Mercedes-benz ML-Class,YES,Present in Slide
Mercedes-benz R-Class,YES,Present in Slide
Mercedes-benz S-Class,YES,Present in Slide
Mercedes-benz SLK,YES,Present in Slide
Mercedes-benz SLR,YES,Present in Slide
Mercedes-benz SLS,YES,Present in Slide
Mercedes-benz SMART,YES,Present in Slide
Mercedes-benz SPRINTER-2500,YES,Present in Slide
Mercedes-benz SPRINTER-3500,YES,Present in Slide
Mercury Bobcat,YES,Present in Slide
Mercury Capri,YES,Present in Slide
Mercury Comet,YES,Present in Slide
Mercury Cougar,YES,Present in Slide
Mercury Grand Marquis,YES,Present in Slide
Mercury Lynx,YES,Present in Slide
Mercury Marauder,YES,Present in Slide
Mercury Mariner,YES,Present in Slide
Mercury Marquis,YES,Present in Slide
Mercury Merkur,YES,Present in Slide
Mercury Milan,YES,Present in Slide
Mercury MKS,YES,Present in Slide
Mercury MKT,YES,Present in Slide
Mercury MKX,YES,Present in Slide
Mercury MKZ,YES,Present in Slide
Mercury Monarch,YES,Present in Slide
Mercury Montego,YES,Present in Slide
Mercury Monterey,YES,Present in Slide
Mercury Mountaineer,YES,Present in Slide
Mercury Mystique,YES,Present in Slide
Mercury Sable,YES,Present in Slide
Mercury Topaz,YES,Present in Slide
Mercury Tracer,YES,Present in Slide
Mercury Villager,YES,Present in Slide
Mitsubishi 3000GT,YES,Present in Slide
Mitsubishi Cordia,YES,Present in Slide
Mitsubishi Diamante,YES,Present in Slide
Mitsubishi Eclipse,YES,Present in Slide
Mitsubishi Endeavor,YES,Present in Slide
Mitsubishi Expo,YES,Present in Slide
Mitsubishi Galant,YES,Present in Slide
Mitsubishi Lancer,YES,Present in Slide
Mitsubishi Mirage,YES,Present in Slide
Mitsubishi Montero,YES,Present in Slide
Mitsubishi Montero Sport,YES,Present in Slide
Mitsubishi Outlander,YES,Present in Slide
Mitsubishi Pickup,YES,Present in Slide
Mitsubishi Precis,YES,Present in Slide
Mitsubishi Raider,YES,Present in Slide
Mitsubishi Sigma,YES,Present in Slide
Mitsubishi Starion,YES,Present in Slide
Mitsubishi Tredia,YES,Present in Slide
Mitsubishi Van,YES,Present in Slide
Nissan 1200,YES,Present in Slide
Nissan 200SX,YES,Present in Slide
Nissan 210,YES,Present in Slide
Nissan 240SX,YES,Present in Slide
Nissan 240Z,YES,Present in Slide
Nissan 260Z,YES,Present in Slide
Nissan 280Z,YES,Present in Slide
Nissan 280ZX,YES,Present in Slide
Nissan 300ZX,YES,Present in Slide
Nissan 310,YES,Present in Slide
Nissan 311,YES,Present in Slide
Nissan 350Z,YES,Present in Slide
Nissan 370Z,YES,Present in Slide
Nissan 410,NO,
Nissan 411,YES,Present in Slide
Nissan 510,YES,Present in Slide
Nissan 610,NO,
Nissan 710,YES,Present in Slide
Nissan 810,YES,Present in Slide
Nissan Altima,YES,Present in Slide
Nissan Armada,YES,Present in Slide
Nissan Axxess,YES,Present in Slide
Nissan B210,YES,Present in Slide
Nissan Cube,YES,Present in Slide
Nissan Frontier,YES,Present in Slide
Nissan GTR,YES,Present in Slide
Nissan Juke,YES,Present in Slide
Nissan LEAF,YES,Present in Slide
Nissan Maxima,YES,Present in Slide
Nissan Micra,YES,Present in Slide
Nissan Murano,YES,Present in Slide
Nissan NV 1500,YES,Present in Slide
Nissan NV 2500,YES,Present in Slide
Nissan NV 3500,YES,Present in Slide
Nissan NV200,YES,Present in Slide
Nissan NX,YES,Present in Slide
Nissan Pathfinder,YES,Present in Slide
Nissan Pickup,YES,Present in Slide
Nissan Pulsar,YES,Present in Slide
Nissan Quest,YES,Present in Slide
Nissan Rogue,YES,Present in Slide
Nissan Sentra,YES,Present in Slide
Nissan Stanza,YES,Present in Slide
Nissan Stanza Van,YES,Present in Slide
Nissan Titan,YES,Present in Slide
Nissan Versa,YES,Present in Slide
Nissan X Trail,YES,Present in Slide
Nissan Xterra,YES,Present in Slide
Oldsmobile Achieva,YES,Present in Slide
Oldsmobile Alero,NO,
Oldsmobile Aurora,YES,Present in Slide
Oldsmobile Bravada,YES,Present in Slide
Oldsmobile Calais,YES,Present in Slide
Oldsmobile Ciera,YES,Present in Slide
Oldsmobile Custom Cruiser,YES,Present in Slide
Oldsmobile Cutlass,YES,Present in Slide
Oldsmobile Eighty Eight,NO,
Oldsmobile Firenza,YES,Present in Slide
Oldsmobile Intrigue,YES,Present in Slide
Oldsmobile Ninety Eight,YES,Present in Slide
Oldsmobile Olds,YES,Present in Slide
Oldsmobile Olds F85,YES,Present in Slide
Oldsmobile Silhouette,YES,Present in Slide
Oldsmobile Starfire,YES,Present in Slide
Oldsmobile Toronado,YES,Present in Slide
Opel Astra,YES,Present in Slide
Opel Opel,YES,Present in Slide
Peugeot 304,YES,Present in Slide
Peugeot 404,YES,Present in Slide
Peugeot 405,YES,Present in Slide
Peugeot 504,YES,Present in Slide
Peugeot 505,YES,Present in Slide
Peugeot 604,YES,Present in Slide
Plymouth Acclaim,NO,
Plymouth Barracuda,YES,Present in Slide
Plymouth Breeze,YES,Present in Slide
Plymouth Caravelle,YES,Present in Slide
Plymouth Champ,YES,Present in Slide
Plymouth Gran Fury,YES,Present in Slide
Plymouth Passenger,YES,Present in Slide
Plymouth Plymouth Van,YES,Present in Slide
Plymouth Prowler,YES,Present in Slide
Plymouth Reliant,YES,Present in Slide
Plymouth Sapporo,YES,Present in Slide
Plymouth Scamp,YES,Present in Slide
Plymouth Sundance,YES,Present in Slide
Plymouth Valiant,YES,Present in Slide
Plymouth Vista,YES,Present in Slide
Plymouth Volare,YES,Present in Slide
Pontiac Astre,NO,
Pontiac Aztek,NO,
Pontiac Bonneville,YES,Present in Slide
Pontiac Catalina,NO,
Pontiac Fiero,NO,
Pontiac Firebird,NO,
Pontiac Firefly,NO,
Pontiac G3,NO,
Pontiac G5,YES,Present in Slide
Pontiac G6,NO,
Pontiac G8,NO,
Pontiac Grand Am,NO,
Pontiac Grand Prix,NO,
Pontiac GTO,NO,
Pontiac Le Mans,NO,
Pontiac Montana,NO,
Pontiac Parisienne,NO,
Pontiac Pontiac,NO,
Pontiac Pursuit,NO,
Pontiac Relay,NO,
Pontiac Rendezvous,NO,
Pontiac Solstice,NO,
Pontiac Sunbird,YES,Present in Slide
Pontiac Sunburst,NO,
Pontiac Sunfire,NO,
Pontiac Sunrunner,NO,
Pontiac Tempest,YES,Present in Slide
Pontiac Torrent,NO,
Pontiac Trans Sport,NO,
Pontiac Vibe,NO,
Porsche 356,YES,Present in Slide
Porsche 911,YES,Present in Slide
Porsche 912,YES,Present in Slide
Porsche 914,YES,Present in Slide
Porsche 924,YES,Present in Slide
Porsche 928,YES,Present in Slide
Porsche 944,YES,Present in Slide
Porsche 968,YES,Present in Slide
Porsche Boxster,YES,Present in Slide
Porsche Carrera,YES,Present in Slide
Porsche Cayenne,YES,Present in Slide
Porsche Cayman,YES,Present in Slide
Porsche Panamera,YES,Present in Slide
Renault Alliance,YES,Present in Slide
Renault Encore,YES,Present in Slide
Renault Medallion,YES,Present in Slide
Rover Discovery Sport,YES,Present in Slide
Rover EVOQUE,YES,Present in Slide
Saab 9-3,YES,Present in Slide
Saab 9-5,YES,Present in Slide
Saab 9-7X,YES,Present in Slide
Saab 900,YES,Present in Slide
Saab 9000,YES,Present in Slide
Saab 92X,YES,Present in Slide
Saab 93,YES,Present in Slide
Saab 95,YES,Present in Slide
Saab 96,YES,Present in Slide
Saab 99,YES,Present in Slide
Saturn Aura,NO,
Saturn Ion,NO,
Saturn Outlook,NO,
Saturn Saturn L,NO,
Saturn Saturn S,NO,
Saturn Sky,NO,
Saturn Vue,NO,
Scion FR-S,YES,Present in Slide
Scion IQ,YES,Present in Slide
Scion Scion TC,YES,Present in Slide
Scion Scion XA,YES,Present in Slide
Scion Scion XB,YES,Present in Slide
Scion Scion XD,YES,Present in Slide
Subaru Baja,NO,
Subaru BR-Z,NO,
Subaru Brat,NO,
Subaru Forester,NO,
Subaru Impreza,NO,
Subaru Justy,NO,
Subaru Legacy,NO,
Subaru Loyale,NO,
Subaru Passenger,NO,
Subaru SVX,NO,
Subaru Tribeca,NO,
Subaru WRX,NO,
Subaru XT,NO,
Subaru XV CROSSTREK,NO,
Suzuki Aerio,YES,Present in Slide
Suzuki Esteem,YES,Present in Slide
Suzuki Forenza,YES,Present in Slide
Suzuki Kizashi,YES,Present in Slide
Suzuki Reno,YES,Present in Slide
Suzuki Samurai,YES,Present in Slide
Suzuki Sidekick,YES,Present in Slide
Suzuki Swift,NO,
Suzuki SX4,YES,Present in Slide
Suzuki Verona,YES,Present in Slide
Suzuki Vitara,YES,Present in Slide
Suzuki X90,YES,Present in Slide
Toyota 4Runner,NO,
Toyota Avalon,NO,
Toyota Camry,NO,
Toyota Celica,NO,
Toyota Corolla,NO,
Toyota Corona,NO,
Toyota Corona Mark,NO,
Toyota Cressida,NO,
Toyota Echo,NO,
Toyota FJ Cruiser,NO,
Toyota FX,NO,
Toyota Highlander,NO,
Toyota Land Cruiser,NO,
Toyota Matrix,NO,
Toyota MR2,NO,
Toyota Paseo,NO,
Toyota Pickup,NO,
Toyota Previa,NO,
Toyota Prius,NO,
Toyota Rav4,NO,
Toyota Sequoia,NO,
Toyota Sienna,NO,
Toyota Solara,NO,
Toyota Starlet,NO,
Toyota Supra,NO,
Toyota T100,NO,
Toyota Tacoma,NO,
Toyota Tercel,NO,
Toyota Tundra,NO,
Toyota Van Wagon,NO,
Toyota Venza,NO,
Toyota Yaris,NO,
Volkswagen 411,YES,Present in Slide
Volkswagen Beetle,YES,Present in Slide
Volkswagen Cabriolet,YES,Present in Slide
Volkswagen Corrado,YES,Present in Slide
Volkswagen Dasher,YES,Present in Slide
Volkswagen Eos,YES,Present in Slide
Volkswagen Eurovan,YES,Present in Slide
Volkswagen Fox,YES,Present in Slide
Volkswagen Golf,YES,Present in Slide
Volkswagen Jetta,YES,Present in Slide
Volkswagen Passat,YES,Present in Slide
Volkswagen Phaeton,YES,Present in Slide
Volkswagen Quantum,YES,Present in Slide
Volkswagen Rabbit,YES,Present in Slide
Volkswagen Routan,YES,Present in Slide
Volkswagen Scirocco,YES,Present in Slide
Volkswagen Tiguan,YES,Present in Slide
Volkswagen Touareg,YES,Present in Slide
Volkswagen Vanagon,YES,Present in Slide
Volkswagen VW CC,YES,Present in Slide
Volvo 164,YES,Present in Slide
Volvo 1800,YES,Present in Slide
Volvo 240,YES,Present in Slide
Volvo 740,YES,Present in Slide
Volvo 760,YES,Present in Slide
Volvo 780,YES,Present in Slide
Volvo 850,YES,Present in Slide
Volvo 940,YES,Present in Slide
Volvo 960,YES,Present in Slide
Volvo C30,YES,Present in Slide
Volvo S40,YES,Present in Slide
Volvo S60,YES,Present in Slide
Volvo S70,YES,Present in Slide
Volvo S80,YES,Present in Slide
Volvo S90,YES,Present in Slide
Volvo V50,YES,Present in Slide
Volvo V60,YES,Present in Slide
Volvo XC90,YES,Present in Slide
Yugo GV,NO,
